{
  "colors" : [
    {
      "color" : {
        "color-space" : "srgb",
        "components" : {
          "alpha" : "1.000",
          "blue" : "0.227",
          "green" : "0.153",
          "red" : "0.149"
        }
      },
      "idiom" : "universal"
    },
    {
      "appearances" : [
        {
          "appearance" : "luminosity",
          "value" : "dark"
        }
      ],
      "color" : {
        "color-space" : "srgb",
        "components" : {
          "alpha" : "1.000",
          "blue" : "0.847",
          "green" : "0.729",
          "red" : "0.723"
        }
      },
      "idiom" : "universal"
    }
  ],
  "info" : {
    "author" : "xcode",
    "version" : 1
  }
}
